flask,strain,Lake,combo_temp,combo,genotype,Trophic,temp,Crash_Numeric,Crash,Growth,NeverPositive,Growth_Z,Phase,Keep,Outlier,Growth_Z_by_timepoint,NegativePositiveGrowth,,,strain,temp,Growth,Crashed_test,no_weeks_pos_growth
1,AR19-01,AR19,HNLG_20,HNLG,LG,HN,20,4,4,0.2969,n,-0.6589,Exp,y,n,-0.658777936,positive,0,0.421875,AR19-01,20,0.2969,1,1
1,AR19-01,AR19,HNLG_20,HNLG,LG,HN,20,4,4,0.4165,n,0.7504,wk2,y,n,0.75041142,positive,0,0.2758,AR19-01,20,0.4165,2,2
1,AR19-01,AR19,HNLG_20,HNLG,LG,HN,20,4,4,0.1995,n,1.3505,wk3,y,n,1.350498533,positive,-1.11E-16,0.012875,AR19-01,20,0.1995,3,3
1,AR19-01,AR19,HNLG_20,HNLG,LG,HN,20,4,4,-0.1271,n,-0.6555,wk4,y,n,-0.655546245,negative,0,0.12855,AR19-01,20,-0.1271,-1,3
2,BU19-01,BU19,LNLG_20,LNLG,LG,LN,20,5,none,0.1338,n,0.5789,Exp,y,n,0.578826619,positive,0,0.082325,BU19-01,20,0.1338,1,1
2,BU19-01,BU19,LNLG_20,LNLG,LG,LN,20,5,none,0.1092,n,0.3025,wk2,y,n,0.27411842,positive,0,0.048925,BU19-01,20,0.1092,2,3
2,BU19-01,BU19,LNLG_20,LNLG,LG,LN,20,5,none,0.2005,n,1.3284,wk3,y,n,1.314046846,positive,0,0.0851,BU19-01,20,0.2005,3,3
2,BU19-01,BU19,LNLG_20,LNLG,LG,LN,20,5,none,0.0661,n,-0.1828,wk4,y,n,0.713447806,positive,0,0.012725,BU19-01,20,0.0661,4,4
3,BU19-02,BU19,LNLG_20,LNLG,LG,LN,20,5,none,0.2423,n,-0.1959,Exp,y,n,-0.195980526,positive,0,0.3102,BU19-02,20,0.2423,1,1
3,BU19-02,BU19,LNLG_20,LNLG,LG,LN,20,5,none,0.5094,n,0.575,wk2,y,n,0.412542607,positive,0,0.351625,BU19-02,20,0.5094,2,2
3,BU19-02,BU19,LNLG_20,LNLG,LG,LN,20,5,none,0.1713,n,-0.4009,wk3,y,n,0.604531115,positive,0,-0.068225,BU19-02,20,0.1713,3,3
3,BU19-02,BU19,LNLG_20,LNLG,LG,LN,20,5,none,0.1181,n,-0.5545,wk4,y,n,0.645949123,positive,0,0.035375,BU19-02,20,0.1181,4,4
4,BU19-04,BU19,LNLG_20,LNLG,LG,LN,20,2,2,0.2022,n,0.432,Exp,y,n,0.431918437,positive,0,0.188975,BU19-04,20,0.2022,1,1
4,BU19-04,BU19,LNLG_20,LNLG,LG,LN,20,2,2,-0.1655,n,-11.5772,wk2,y,n,-0.244546976,negative,0,-0.0693,BU19-04,20,-0.1655,-1,1
4,BU19-04,BU19,LNLG_20,LNLG,LG,LN,20,2,2,0.5016,n,10.211,wk3,y,n,0.467579717,positive,0,0.3418,BU19-04,20,0.5016,1,2
4,BU19-04,BU19,LNLG_20,LNLG,LG,LN,20,2,2,-0.5526,n,-24.2173,wk4,y,n,-1.48891292,negative,0,-0.1635,BU19-04,20,-0.5526,-1,2
5,CH19-02,CH19,HNLG_20,HNLG,LG,HN,20,5,none,0.2136,n,-0.3116,Exp,y,n,-0.311639125,positive,0,0.275825,CH19-02,20,0.2136,1,1
5,CH19-02,CH19,HNLG_20,HNLG,LG,HN,20,5,none,0.1155,n,-0.8029,wk2,y,n,-0.866800608,positive,0,0.2849,CH19-02,20,0.1155,2,2
5,CH19-02,CH19,HNLG_20,HNLG,LG,HN,20,5,none,0.2501,n,-0.1287,wk3,y,n,1.057088529,positive,0,0.123925,CH19-02,20,0.2501,3,3
5,CH19-02,CH19,HNLG_20,HNLG,LG,HN,20,5,none,0.2455,n,-0.1518,wk4,y,n,1.216863839,positive,0,0.04875,CH19-02,20,0.2455,4,4
6,CR19-01,CR19,LNHG_20,LNHG,HG,LN,20,2,2,0.1061,n,-1.1095,Exp,n,n,-1.10920841,positive,0,0.161025,CR19-01,20,0.1061,1,1
6,CR19-01,CR19,LNHG_20,LNHG,HG,LN,20,2,2,-0.1424,n,-6.1303,wk2,n,n,-1.32900065,negative,0,0.092525,CR19-01,20,-0.1424,-1,1
6,CR19-01,CR19,LNHG_20,LNHG,HG,LN,20,2,2,0.205,n,0.8885,wk3,n,n,-0.070157913,positive,0,0.210425,CR19-01,20,0.205,1,2
6,CR19-01,CR19,LNHG_20,LNHG,HG,LN,20,2,2,0.1785,n,0.3525,wk4,n,n,0.592931392,positive,0,0.048075,CR19-01,20,0.1785,2,3
7,CR19-05,CR19,LNLG_20,LNLG,LG,LN,20,2,2,0.1706,n,-1.3543,Exp,y,n,-1.354909999,positive,0,0.21985,CR19-05,20,0.1706,1,1
7,CR19-05,CR19,LNLG_20,LNLG,LG,LN,20,2,2,-0.1155,n,-9.2302,wk2,y,n,-1.480453897,negative,0,0.178075,CR19-05,20,-0.1155,-1,1
7,CR19-05,CR19,LNLG_20,LNLG,LG,LN,20,2,2,0.3345,n,3.1567,wk3,y,n,1.165236468,positive,0,0.236575,CR19-05,20,0.3345,1,2
7,CR19-05,CR19,LNLG_20,LNLG,LG,LN,20,2,2,0.1881,n,-0.8741,wk4,y,n,1.298144249,positive,0,-0.086325,CR19-05,20,0.1881,2,3
8,CR19-06,CR19,LNLG_20,LNLG,LG,LN,20,5,none,0.0727,n,-1.4842,Exp,y,n,-1.484282082,positive,0,0.156275,CR19-06,20,0.0727,1,1
8,CR19-06,CR19,LNLG_20,LNLG,LG,LN,20,5,none,0.0176,n,-2.4624,wk2,y,n,-0.726288143,positive,0,0.068125,CR19-06,20,0.0176,2,2
8,CR19-06,CR19,LNLG_20,LNLG,LG,LN,20,5,none,0.0481,n,-1.9208,wk3,y,n,-1.413496959,positive,0,0.225375,CR19-06,20,0.0481,3,3
8,CR19-06,CR19,LNLG_20,LNLG,LG,LN,20,5,none,0.15,n,-0.1117,wk4,y,n,0.558710708,positive,0,0.02295,CR19-06,20,0.15,4,4
9,F19-02,F19,HNHG_20,HNHG,HG,HN,20,3,3,0.2162,n,0.0435,Exp,y,n,0.043223829,positive,8.88E-16,0.2105,F19-02,20,0.2162,1,1
9,F19-02,F19,HNHG_20,HNHG,HG,HN,20,3,3,0.2162,n,0.0435,wk2,y,n,-0.037661216,positive,1.17E-15,0.22065,F19-02,20,0.2162,2,2
9,F19-02,F19,HNHG_20,HNHG,HG,HN,20,3,3,-0.0025,n,-1.6158,wk3,y,n,-0.037787731,negative,0,-0.001225,F19-02,20,-0.0025,-1,2
9,F19-02,F19,HNHG_20,HNHG,HG,HN,20,3,3,-0.246,n,-3.4626,wk4,y,n,-0.275386262,negative,0,-0.22375,F19-02,20,-0.246,-2,2
10,FA19-02,FA19,HNHG_20,HNHG,HG,HN,20,3,3,0.0797,n,-1.1522,Exp,y,n,-1.152168261,positive,3.33E-16,0.267775,FA19-02,20,0.0797,1,1
10,FA19-02,FA19,HNHG_20,HNHG,HG,HN,20,3,3,0.0797,n,-1.1522,wk2,y,n,-1.152168261,positive,3.33E-16,0.267775,FA19-02,20,0.0797,2,2
10,FA19-02,FA19,HNHG_20,HNHG,HG,HN,20,3,3,-0.0638,n,-2.0308,wk3,y,n,0.191886502,negative,0,-0.080125,FA19-02,20,-0.0638,-1,2
10,FA19-02,FA19,HNHG_20,HNHG,HG,HN,20,3,3,-0.3382,n,-3.7116,wk4,y,n,-1.339336937,negative,0,-0.130375,FA19-02,20,-0.3382,-2,2
11,FA19-05,FA19,HNHG_20,HNHG,HG,HN,20,2,2,0.173,n,-0.5336,Exp,y,n,-0.533219412,positive,-1.05E-15,0.24875,FA19-05,20,0.173,1,1
11,FA19-05,FA19,HNHG_20,HNHG,HG,HN,20,2,2,-0.1939,n,-3.1154,wk2,y,n,-1.304528221,negative,0,0.157025,FA19-05,20,-0.1939,-1,1
11,FA19-05,FA19,HNHG_20,HNHG,HG,HN,20,2,2,0.355,n,0.7477,wk3,y,n,1.485968367,positive,0,0.062325,FA19-05,20,0.355,1,2
11,FA19-05,FA19,HNHG_20,HNHG,HG,HN,20,2,2,0.2323,n,-0.116,wk4,y,n,1.456670593,positive,0,0.005325,FA19-05,20,0.2323,2,3
12,FA19-06,FA19,HNHG_20,HNHG,HG,HN,20,2,2,0.099,n,0.0433,Exp,y,n,0.043271694,positive,0,0.09405,FA19-06,20,0.099,1,1
12,FA19-06,FA19,HNHG_20,HNHG,HG,HN,20,2,2,-0.1686,n,-2.2962,wk2,y,n,-1.07494988,negative,0,0.0794,FA19-06,20,-0.1686,-1,1
12,FA19-06,FA19,HNHG_20,HNHG,HG,HN,20,2,2,0.2211,n,1.1104,wk3,y,n,1.271671076,positive,0,0.01295,FA19-06,20,0.2211,1,2
12,FA19-06,FA19,HNHG_20,HNHG,HG,HN,20,2,2,0.1564,n,0.5453,wk4,y,n,0.696514113,positive,0,0.041325,FA19-06,20,0.1564,2,3
13,G19-01,G19,LNLG_20,LNLG,LG,LN,20,5,none,0.1122,n,0.155,Exp,y,n,0.155017314,positive,0,0.097175,G19-01,20,0.1122,1,1
13,G19-01,G19,LNLG_20,LNLG,LG,LN,20,5,none,0.1088,n,0.1196,wk2,y,n,0.223294366,positive,0,0.0718,G19-01,20,0.1088,2,3
13,G19-01,G19,LNLG_20,LNLG,LG,LN,20,5,none,0.1092,n,0.1233,wk3,y,n,-0.170421887,positive,0,0.11775,G19-01,20,0.1092,3,3
13,G19-01,G19,LNLG_20,LNLG,LG,LN,20,5,none,0.1191,n,0.2256,wk4,y,n,0.875883588,positive,0,-0.006675,G19-01,20,0.1191,4,4
14,G19-02,G19,LNLG_20,LNLG,LG,LN,20,5,none,0.1496,n,0.5881,Exp,y,n,0.587580058,positive,0,0.1021,G19-02,20,0.1496,1,1
14,G19-02,G19,LNLG_20,LNLG,LG,LN,20,5,none,0.0791,n,-0.285,wk2,y,n,0.15633658,positive,0,0.0453,G19-02,20,0.0791,2,2
14,G19-02,G19,LNLG_20,LNLG,LG,LN,20,5,none,0.1812,n,0.9787,wk3,y,n,0.288819562,positive,9.99E-16,0.166925,G19-02,20,0.1812,3,3
14,G19-02,G19,LNLG_20,LNLG,LG,LN,20,5,none,0.1656,n,0.7855,wk4,y,n,1.162706891,positive,0,0.082575,G19-02,20,0.1656,4,4
15,SM19-01,SM19,HNHG_20,HNHG,HG,HN,20,5,none,0.2063,n,0.6897,Exp,y,n,0.689881152,positive,0,0.06685,SM19-01,20,0.2063,1,1
15,SM19-01,SM19,HNHG_20,HNHG,HG,HN,20,5,none,0.3452,n,1.3772,wk2,y,n,1.203387977,positive,0,0.15335,SM19-01,20,0.3452,2,2
15,SM19-01,SM19,HNHG_20,HNHG,HG,HN,20,5,none,0.1709,n,0.5148,wk3,y,n,1.490582107,positive,0,0.0138,SM19-01,20,0.1709,3,3
15,SM19-01,SM19,HNHG_20,HNHG,HG,HN,20,5,none,0.1395,n,0.3595,wk4,y,n,0.873313206,positive,0,-0.14655,SM19-01,20,0.1395,4,4
16,SM19-03,SM19,HNLG_20,HNLG,LG,HN,20,5,none,0.0601,n,-0.9853,Exp,y,n,-0.985425051,positive,0,0.2623,SM19-03,20,0.0601,1,1
16,SM19-03,SM19,HNLG_20,HNLG,LG,HN,20,5,none,0.0962,n,-0.8095,wk2,y,n,-1.26828901,positive,0,0.32995,SM19-03,20,0.0962,2,2
16,SM19-03,SM19,HNLG_20,HNLG,LG,HN,20,5,none,0.0106,n,-1.2266,wk3,y,n,-0.682390768,positive,0,0.082725,SM19-03,20,0.0106,3,3
16,SM19-03,SM19,HNLG_20,HNLG,LG,HN,20,5,none,0.0959,n,-0.8107,wk4,y,n,0.765827016,positive,0,-0.049325,SM19-03,20,0.0959,4,4
17,SM19-04,SM19,HNLG_20,HNLG,LG,HN,20,5,none,0.3121,n,0.4602,Exp,y,n,0.460506625,positive,3.30E-16,0.264725,SM19-04,20,0.3121,1,1
17,SM19-04,SM19,HNLG_20,HNLG,LG,HN,20,5,none,0.4432,n,1.7351,wk2,y,n,0.986271999,positive,5.55E-16,0.236075,SM19-04,20,0.4432,2,2
17,SM19-04,SM19,HNLG_20,HNLG,LG,HN,20,5,none,0.4484,n,1.7858,wk3,y,n,0.76161624,positive,0,0.2595,SM19-04,20,0.4484,3,3
17,SM19-04,SM19,HNLG_20,HNLG,LG,HN,20,5,none,0.0255,n,-2.3251,wk4,y,n,0.733341725,positive,0,-0.001275,SM19-04,20,0.0255,4,4
18,WH19-01,WH19,HNLG_20,HNLG,LG,HN,20,4,4,0.207,n,-0.4117,Exp,y,n,-0.411471673,positive,0,0.2363,WH19-01,20,0.207,1,1
18,WH19-01,WH19,HNLG_20,HNLG,LG,HN,20,4,4,0.315,n,1.1045,wk2,y,n,0.729066461,positive,0,0.2794,WH19-01,20,0.315,2,2
18,WH19-01,WH19,HNLG_20,HNLG,LG,HN,20,4,4,0.119,n,-1.6464,wk3,y,n,0.939345641,positive,0,0.034425,WH19-01,20,0.119,3,3
18,WH19-01,WH19,HNLG_20,HNLG,LG,HN,20,4,4,-0.1411,n,-5.2985,wk4,y,n,-1.280276501,negative,-3.61E-16,-0.054375,WH19-01,20,-0.1411,-1,3
19,WH19-02,WH19,HNHG_20,HNHG,HG,HN,20,4,4,0.2333,n,1.0219,Exp,y,n,1.022245045,positive,0,0.195975,WH19-02,20,0.2333,1,1
19,WH19-02,WH19,HNHG_20,HNHG,HG,HN,20,4,4,0.3466,n,4.1201,wk2,y,n,1.075614935,positive,0,0.303775,WH19-02,20,0.3466,2,2
19,WH19-02,WH19,HNHG_20,HNHG,HG,HN,20,4,4,0.1411,n,-1.5009,wk3,y,n,0.915297761,positive,0,0.1082,WH19-02,20,0.1411,3,3
19,WH19-02,WH19,HNHG_20,HNHG,HG,HN,20,4,4,-0.1579,n,-9.6829,wk4,y,n,-0.816746997,negative,0,-0.10825,WH19-02,20,-0.1579,-1,3
20,WH19-04,WH19,HNHG_20,HNHG,HG,HN,20,5,none,0.2578,n,1.1487,Exp,y,n,1.149496312,positive,2.66E-15,0.20975,WH19-04,20,0.2578,1,1
20,WH19-04,WH19,HNHG_20,HNHG,HG,HN,20,5,none,0.4557,n,5.8837,wk2,y,n,1.364872315,positive,-4.72E-16,0.32145,WH19-04,20,0.4557,2,2
20,WH19-04,WH19,HNHG_20,HNHG,HG,HN,20,5,none,0.0966,n,-2.7069,wk3,y,n,0.597264985,positive,0,0.05595,WH19-04,20,0.0966,3,3
20,WH19-04,WH19,HNHG_20,HNHG,HG,HN,20,5,none,0.0095,n,-4.7903,wk4,y,n,1.201833442,positive,0,-0.05385,WH19-04,20,0.0095,4,4
21,AR19-01,AR19,HNLG_24,HNLG,LG,HN,24,3,3,0.3588,n,-0.3324,Exp,y,n,-0.332485844,positive,,0.189707325,AR19-01,24,0.3588,1,1
21,AR19-01,AR19,HNLG_24,HNLG,LG,HN,24,3,3,0.3588,n,0.4427,wk2,y,n,0.442673403,positive,,0.187497147,AR19-01,24,0.3588,2,2
21,AR19-01,AR19,HNLG_24,HNLG,LG,HN,24,3,3,-0.134,n,-1.0628,wk3,y,n,-1.062850486,negative,,0.13818971,AR19-01,24,-0.134,-1,2
21,AR19-01,AR19,HNLG_24,HNLG,LG,HN,24,3,3,-0.0975,n,-0.5796,wk4,y,n,-0.579644939,negative,,0.389980115,AR19-01,24,-0.0975,-2,2
22,BU19-01,BU19,LNLG_24,LNLG,LG,LN,24,4,4,0.1556,n,0.8239,Exp,y,n,0.823963487,positive,,0.088929912,BU19-01,24,0.1556,1,1
22,BU19-01,BU19,LNLG_24,LNLG,LG,LN,24,4,4,0.2209,n,1.5575,wk2,y,n,0.782107263,positive,,0.219886719,BU19-01,24,0.2209,2,2
22,BU19-01,BU19,LNLG_24,LNLG,LG,LN,24,4,4,0.1025,n,0.2265,wk3,y,n,0.198131847,positive,,0.087820309,BU19-01,24,0.1025,3,3
22,BU19-01,BU19,LNLG_24,LNLG,LG,LN,24,4,4,-0.0553,n,-1.5466,wk4,y,n,-0.909270014,negative,,0.074812761,BU19-01,24,-0.0553,-1,3
23,BU19-02,BU19,LNLG_24,LNLG,LG,LN,24,3,3,0.8184,n,1.4668,Exp,y,y,1.46682332,positive,,0.346462995,BU19-02,24,0.8184,1,1
23,BU19-02,BU19,LNLG_24,LNLG,LG,LN,24,3,3,0.8184,n,1.4668,wk2,y,n,1.220501191,positive,,0.382445346,BU19-02,24,0.8184,2,2
23,BU19-02,BU19,LNLG_24,LNLG,LG,LN,24,3,3,-0.6604,n,-2.8015,wk3,y,n,-1.49457557,negative,,0.396216165,BU19-02,24,-0.6604,-1,2
23,BU19-02,BU19,LNLG_24,LNLG,LG,LN,24,3,3,0,n,-0.8954,wk4,y,n,-0.276221822,positive,,0.128067362,BU19-02,24,0,0,2
24,BU19-04,BU19,LNLG_24,LNLG,LG,LN,24,2,2,0.1431,n,-1.4982,Exp,y,n,-1.498242593,positive,,0.030619207,BU19-04,24,0.1431,1,1
24,BU19-04,BU19,LNLG_24,LNLG,LG,LN,24,2,2,-0.5849,n,-25.2729,wk2,y,n,-1.310690446,negative,,0.393380452,BU19-04,24,-0.5849,-1,1
24,BU19-04,BU19,LNLG_24,LNLG,LG,LN,24,2,2,0.7359,n,17.8611,wk3,y,n,1.153148725,positive,,0.341759906,BU19-04,24,0.7359,1,2
24,BU19-04,BU19,LNLG_24,LNLG,LG,LN,24,2,2,-0.0369,n,-7.3772,wk4,y,n,0.484441983,negative,,0.261331603,BU19-04,24,-0.0369,-1,2
25,CH19-02,CH19,HNLG_24,HNLG,LG,HN,24,4,4,0.2105,n,-0.3269,Exp,y,n,-0.327164739,positive,,0.199670051,CH19-02,24,0.2105,1,1
25,CH19-02,CH19,HNLG_24,HNLG,LG,HN,24,4,4,0.2254,n,-0.2526,wk2,y,n,-0.304454759,positive,,0.195431335,CH19-02,24,0.2254,2,2
25,CH19-02,CH19,HNLG_24,HNLG,LG,HN,24,4,4,0.1985,n,-0.3875,wk3,y,n,0.624786027,positive,,0.119360864,CH19-02,24,0.1985,3,3
25,CH19-02,CH19,HNLG_24,HNLG,LG,HN,24,4,4,-0.0202,n,-1.4826,wk4,y,n,-0.426443516,negative,,0.161686126,CH19-02,24,-0.0202,4,4
26,CR19-01,CR19,LNHG_24,LNHG,HG,LN,24,5,none,0.194,n,0.6654,Exp,n,n,0.665928945,positive,,0.049517295,CR19-01,24,0.194,1,1
26,CR19-01,CR19,LNHG_24,LNHG,HG,LN,24,5,none,0.0886,n,-1.4624,wk2,n,n,-0.022204225,positive,,0.17676816,CR19-01,24,0.0886,2,2
26,CR19-01,CR19,LNHG_24,LNHG,HG,LN,24,5,none,0.3139,n,3.0882,wk3,n,n,1.338173272,positive,,0.077325562,CR19-01,24,0.3139,3,3
26,CR19-01,CR19,LNHG_24,LNHG,HG,LN,24,5,none,0.1219,n,-0.7908,wk4,n,n,0.335619398,positive,,0.219966427,CR19-01,24,0.1219,4,4
27,CR19-05,CR19,LNLG_24,LNLG,LG,LN,24,4,4,0.2327,n,0.3528,Exp,y,n,0.353514588,positive,,0.036349278,CR19-05,24,0.2327,1,1
27,CR19-05,CR19,LNLG_24,LNLG,LG,LN,24,4,4,0.302,n,2.2608,wk2,y,n,0.624934852,positive,,0.19830067,CR19-05,24,0.302,2,2
27,CR19-05,CR19,LNLG_24,LNLG,LG,LN,24,4,4,0.1762,n,-1.2008,wk3,y,n,-0.718418705,positive,,0.084038736,CR19-05,24,0.1762,3,3
27,CR19-05,CR19,LNLG_24,LNLG,LG,LN,24,4,4,-0.1502,n,-10.1838,wk4,y,n,-0.302155284,negative,,0.211397925,CR19-05,24,-0.1502,-1,3
28,CR19-06,CR19,LNLG_24,LNLG,LG,LN,24,5,none,0.1909,n,0.6151,Exp,y,n,0.614935891,positive,,0.056306683,CR19-06,24,0.1909,1,1
28,CR19-06,CR19,LNLG_24,LNLG,LG,LN,24,5,none,0.1155,n,-0.7233,wk2,y,n,0.681007438,positive,,0.069566054,CR19-06,24,0.1155,2,2
28,CR19-06,CR19,LNLG_24,LNLG,LG,LN,24,5,none,0.2658,n,1.9449,wk3,y,n,0.32232754,positive,,0.125415905,CR19-06,24,0.2658,3,3
28,CR19-06,CR19,LNLG_24,LNLG,LG,LN,24,5,none,0.1537,n,-0.045,wk4,y,n,0.5749817,positive,,0.227398541,CR19-06,24,0.1537,4,4
29,F19-02,F19,HNHG_24,HNHG,HG,HN,24,3,3,0.3852,n,1.3247,Exp,y,n,1.324772434,positive,,0.131871705,F19-02,24,0.3852,1,1
29,F19-02,F19,HNHG_24,HNHG,HG,HN,24,3,3,0.3852,n,1.3247,wk2,y,n,1.392618657,positive,,0.118158693,F19-02,24,0.3852,2,2
29,F19-02,F19,HNHG_24,HNHG,HG,HN,24,3,3,-0.0457,n,-1.9435,wk3,y,n,-1.318124984,negative,,0.03374111,F19-02,24,-0.0457,-1,2
29,F19-02,F19,HNHG_24,HNHG,HG,HN,24,3,3,-0.1108,n,-2.4373,wk4,y,n,1.397972058,negative,2.478498512,0.080795606,F19-02,24,-0.1108,-2,2
30,FA19-02,FA19,HNHG_24,HNHG,HG,HN,24,4,4,0.2868,n,0.1164,Exp,y,n,0.116549255,positive,,0.163235706,FA19-02,24,0.2868,1,1
30,FA19-02,FA19,HNHG_24,HNHG,HG,HN,24,4,4,0.2868,n,0.1164,wk2,y,n,0.116549255,positive,,0.163235706,FA19-02,24,0.2868,2,2
30,FA19-02,FA19,HNHG_24,HNHG,HG,HN,24,4,4,0.0122,n,-1.5656,wk3,y,n,1.085201916,positive,,0.085076333,FA19-02,24,0.0122,3,3
30,FA19-02,FA19,HNHG_24,HNHG,HG,HN,24,4,4,-0.0725,n,-2.0841,wk4,y,n,0.372977867,negative,,0.155170065,FA19-02,24,-0.0725,-1,3
31,FA19-05,FA19,HNHG_24,HNHG,HG,HN,24,4,4,0.4337,n,1.3019,Exp,y,n,1.30190007,positive,,0.142061595,FA19-05,24,0.4337,1,1
31,FA19-05,FA19,HNHG_24,HNHG,HG,HN,24,4,4,0.4337,n,1.3019,wk2,y,n,1.02851135,positive,,0.269005296,FA19-05,24,0.4337,2,2
31,FA19-05,FA19,HNHG_24,HNHG,HG,HN,24,4,4,0,n,-1.7509,wk3,y,n,-0.316436246,positive,,0.196959105,FA19-05,24,0,0,2
31,FA19-05,FA19,HNHG_24,HNHG,HG,HN,24,4,4,-0.0776,n,-2.2968,wk4,y,n,-0.532192571,negative,,0.155817658,FA19-05,24,-0.0776,-1,2
32,FA19-06,FA19,HNHG_24,HNHG,HG,HN,24,4,4,0.191,n,0.8478,Exp,y,n,0.847513281,positive,,0.114393488,FA19-06,24,0.191,1,1
32,FA19-06,FA19,HNHG_24,HNHG,HG,HN,24,4,4,0.363,n,2.3515,wk2,y,n,1.229257202,positive,,0.230708431,FA19-06,24,0.363,2,2
32,FA19-06,FA19,HNHG_24,HNHG,HG,HN,24,4,4,0.051,n,-0.3766,wk3,y,n,0.232462572,positive,,0.163682263,FA19-06,24,0.051,3,3
32,FA19-06,FA19,HNHG_24,HNHG,HG,HN,24,4,4,-0.0907,n,-1.6151,wk4,y,n,-0.799107328,negative,,0.165215604,FA19-06,24,-0.0907,-1,3
33,G19-01,G19,LNLG_24,LNLG,LG,LN,24,5,none,0.1105,n,0.1372,Exp,y,n,0.137477917,positive,,0.096924657,G19-01,24,0.1105,1,1
33,G19-01,G19,LNLG_24,LNLG,LG,LN,24,5,none,0.1293,n,0.3314,wk2,y,n,0.347011515,positive,,0.165700553,G19-01,24,0.1293,2,2
33,G19-01,G19,LNLG_24,LNLG,LG,LN,24,5,none,0.1076,n,0.1069,wk3,y,n,-0.202313702,positive,,0.050169612,G19-01,24,0.1076,3,3
33,G19-01,G19,LNLG_24,LNLG,LG,LN,24,5,none,0.099,n,0.0187,wk4,y,n,0.735909347,positive,,0.14359785,G19-01,24,0.099,4,4
34,G19-02,G19,LNLG_24,LNLG,LG,LN,24,5,none,0.1679,n,0.8135,Exp,y,n,0.813953007,positive,,0.080840048,G19-02,24,0.1679,1,1
34,G19-02,G19,LNLG_24,LNLG,LG,LN,24,5,none,0.1944,n,1.1422,wk2,y,n,0.689638584,positive,,0.2162002,G19-02,24,0.1944,2,2
34,G19-02,G19,LNLG_24,LNLG,LG,LN,24,5,none,0.1949,n,1.1485,wk3,y,n,0.566005412,positive,,0.049425322,G19-02,24,0.1949,3,3
34,G19-02,G19,LNLG_24,LNLG,LG,LN,24,5,none,0.1105,n,0.1042,wk4,y,n,0.391070038,positive,,0.071406647,G19-02,24,0.1105,4,4
35,SM19-01,SM19,HNHG_24,HNHG,HG,HN,24,3,3,0.218,n,0.7479,Exp,y,n,0.747762898,positive,,0.202136266,SM19-01,24,0.218,1,1
35,SM19-01,SM19,HNHG_24,HNHG,HG,HN,24,3,3,0.218,n,0.7479,wk2,y,n,0.405520108,positive,,0.159424893,SM19-01,24,0.218,2,2
35,SM19-01,SM19,HNHG_24,HNHG,HG,HN,24,3,3,-0.0517,n,-0.5862,wk3,y,n,-0.621471216,negative,,0.105395066,SM19-01,24,-0.0517,-1,2
35,SM19-01,SM19,HNHG_24,HNHG,HG,HN,24,3,3,-0.0883,n,-0.7674,wk4,y,n,0.17783777,negative,,0.327545717,SM19-01,24,-0.0883,-2,2
36,SM19-03,SM19,HNLG_24,HNLG,LG,HN,24,5,none,0.1529,n,-0.5333,Exp,y,n,-0.533162713,positive,,0.205190643,SM19-03,24,0.1529,1,1
36,SM19-03,SM19,HNLG_24,HNLG,LG,HN,24,5,none,0.2887,n,0.1289,wk2,y,n,-0.223815708,positive,,0.184303418,SM19-03,24,0.2887,2,2
36,SM19-03,SM19,HNLG_24,HNLG,LG,HN,24,5,none,0.0984,n,-0.7989,wk3,y,n,0.148304683,positive,,0.105694572,SM19-03,24,0.0984,3,3
36,SM19-03,SM19,HNLG_24,HNLG,LG,HN,24,5,none,0.1138,n,-0.7234,wk4,y,n,0.860220569,positive,,0.189631597,SM19-03,24,0.1138,4,4
37,SM19-04,SM19,HNLG_24,HNLG,LG,HN,24,5,none,0.3606,n,0.9321,Exp,y,n,0.931948763,positive,,0.102875827,SM19-04,24,0.3606,1,1
37,SM19-04,SM19,HNLG_24,HNLG,LG,HN,24,5,none,0.2932,n,0.2765,wk2,y,n,0.27201346,positive,,0.21000799,SM19-04,24,0.2932,2,2
37,SM19-04,SM19,HNLG_24,HNLG,LG,HN,24,5,none,0.4155,n,1.4661,wk3,y,n,0.628968414,positive,,0.248025173,SM19-04,24,0.4155,3,3
37,SM19-04,SM19,HNLG_24,HNLG,LG,HN,24,5,none,0.014,n,-2.4373,wk4,y,n,0.418367688,positive,,0.036510946,SM19-04,24,0.014,4,4
38,WH19-01,WH19,HNLG_24,HNLG,LG,HN,24,3,3,0.2557,n,0.2719,Exp,y,n,0.272441995,positive,,0.071207818,WH19-01,24,0.2557,1,1
38,WH19-01,WH19,HNLG_24,HNLG,LG,HN,24,3,3,0.2557,n,0.2719,wk2,y,n,-0.485361661,positive,,0.048829568,WH19-01,24,0.2557,2,2
38,WH19-01,WH19,HNLG_24,HNLG,LG,HN,24,3,3,-0.0394,n,-3.8714,wk3,y,n,-0.819949063,negative,,0.090036081,WH19-01,24,-0.0394,-1,2
38,WH19-01,WH19,HNLG_24,HNLG,LG,HN,24,3,3,0.0201,n,-3.0352,wk4,y,n,1.099436061,positive,,0.067739273,WH19-01,24,0.0201,1,3
39,WH19-02,WH19,HNHG_24,HNHG,HG,HN,24,4,4,0.2061,n,0.2776,Exp,y,n,0.27730023,positive,,0.036512772,WH19-02,24,0.2061,1,1
39,WH19-02,WH19,HNHG_24,HNHG,HG,HN,24,4,4,0.3004,n,2.8581,wk2,y,n,-0.084768252,positive,,0.039814434,WH19-02,24,0.3004,2,2
39,WH19-02,WH19,HNHG_24,HNHG,HG,HN,24,4,4,0.1293,n,-1.8238,wk3,y,n,0.587014674,positive,,0.035944587,WH19-02,24,0.1293,3,3
39,WH19-02,WH19,HNHG_24,HNHG,HG,HN,24,4,4,-0.0547,n,-6.8592,wk4,y,n,0.88090235,negative,,0.060789939,WH19-02,24,-0.0547,-1,3
40,WH19-04,WH19,HNHG_24,HNHG,HG,HN,24,4,4,0.2054,n,-0.1036,Exp,y,n,-0.104064703,positive,,0.041800917,WH19-04,24,0.2054,1,1
40,WH19-04,WH19,HNHG_24,HNHG,HG,HN,24,4,4,0.3096,n,2.3878,wk2,y,n,-0.120474763,positive,,0.098360849,WH19-04,24,0.3096,2,2
40,WH19-04,WH19,HNHG_24,HNHG,HG,HN,24,4,4,0.1206,n,-2.1322,wk3,y,n,0.949893759,positive,,0.068060243,WH19-04,24,0.1206,3,3
40,WH19-04,WH19,HNHG_24,HNHG,HG,HN,24,4,4,-0.0767,n,-6.8522,wk4,y,n,-0.433494777,negative,,0.052711131,WH19-04,24,-0.0767,-1,3
41,AR19-01,AR19,HNLG_28,HNLG,LG,HN,28,3,3,0.3279,n,-0.4953,Exp,y,n,-0.495368326,positive,,,AR19-01,28,0.3279,1,1
41,AR19-01,AR19,HNLG_28,HNLG,LG,HN,28,3,3,0.3279,n,0.2778,wk2,y,n,0.277870895,positive,,,AR19-01,28,0.3279,2,2
41,AR19-01,AR19,HNLG_28,HNLG,LG,HN,28,3,3,-0.014,n,-0.1947,wk3,y,n,-0.194479025,negative,,,AR19-01,28,-0.014,-1,2
41,AR19-01,AR19,HNLG_28,HNLG,LG,HN,28,3,3,0.0349,n,-0.2402,wk4,y,n,-0.240140449,positive,,,AR19-01,28,0.0349,1,3
42,BU19-01,BU19,LNLG_28,LNLG,LG,LN,28,4,4,0.0829,n,0.0065,Exp,y,n,0.006465766,positive,,,BU19-01,28,0.0829,1,1
42,BU19-01,BU19,LNLG_28,LNLG,LG,LN,28,4,4,0.1388,n,0.6351,wk2,y,n,0.40873319,positive,,,BU19-01,28,0.1388,2,2
42,BU19-01,BU19,LNLG_28,LNLG,LG,LN,28,4,4,0.0374,n,-0.5054,wk3,y,n,-0.543154545,positive,,,BU19-01,28,0.0374,3,3
42,BU19-01,BU19,LNLG_28,LNLG,LG,LN,28,4,4,-0.0478,n,-1.463,wk4,y,n,-0.809019737,negative,,,BU19-01,28,-0.0478,-1,3
43,BU19-02,BU19,LNLG_28,LNLG,LG,LN,28,4,4,0.0778,n,-0.6708,Exp,y,n,-0.670778708,positive,,,BU19-02,28,0.0778,1,1
43,BU19-02,BU19,LNLG_28,LNLG,LG,LN,28,4,4,0.0171,n,-0.846,wk2,y,n,-0.874700147,positive,,,BU19-02,28,0.0171,2,2
43,BU19-02,BU19,LNLG_28,LNLG,LG,LN,28,4,4,0.1273,n,-0.5281,wk3,y,n,0.493480624,positive,,,BU19-02,28,0.1273,3,3
43,BU19-02,BU19,LNLG_28,LNLG,LG,LN,28,4,4,-0.1297,n,-1.2697,wk4,y,n,-1.288970099,negative,,,BU19-02,28,-0.1297,-1,3
44,BU19-04,BU19,LNLG_28,LNLG,LG,LN,28,3,3,0.205,n,0.522,Exp,y,n,0.523364306,positive,,,BU19-04,28,0.205,1,1
44,BU19-04,BU19,LNLG_28,LNLG,LG,LN,28,3,3,0.205,n,0.522,wk2,y,n,0.697289351,positive,,,BU19-04,28,0.205,2,2
44,BU19-04,BU19,LNLG_28,LNLG,LG,LN,28,3,3,-0.025,n,-6.9875,wk3,y,n,-1.073268086,negative,,,BU19-04,28,-0.025,-1,2
44,BU19-04,BU19,LNLG_28,LNLG,LG,LN,28,3,3,-0.071,n,-8.4914,wk4,y,n,0.353956425,negative,,,BU19-04,28,-0.071,-2,2
45,CH19-02,CH19,HNLG_28,HNLG,LG,HN,28,5,none,0.1123,n,-0.8192,Exp,y,n,-0.818976103,positive,,,CH19-02,28,0.1123,1,1
45,CH19-02,CH19,HNLG_28,HNLG,LG,HN,28,5,none,0.2318,n,-0.2205,wk2,y,n,-0.271706684,positive,,,CH19-02,28,0.2318,2,2
45,CH19-02,CH19,HNLG_28,HNLG,LG,HN,28,5,none,0.0471,n,-1.1454,wk3,y,n,-0.643636427,positive,,,CH19-02,28,0.0471,3,3
45,CH19-02,CH19,HNLG_28,HNLG,LG,HN,28,5,none,0.1006,n,-0.8778,wk4,y,n,0.32068305,positive,,,CH19-02,28,0.1006,4,4
46,CR19-01,CR19,LNHG_28,LNHG,HG,LN,28,5,none,0.2108,n,1.0055,Exp,n,n,1.005204344,positive,,,CR19-01,28,0.2108,1,1
46,CR19-01,CR19,LNHG_28,LNHG,HG,LN,28,5,none,0.2827,n,2.4589,wk2,n,n,1.0758442,positive,,,CR19-01,28,0.2827,2,2
46,CR19-01,CR19,LNHG_28,LNHG,HG,LN,28,5,none,0.196,n,0.7073,wk3,n,n,-0.18654892,positive,,,CR19-01,28,0.196,3,3
46,CR19-01,CR19,LNHG_28,LNHG,HG,LN,28,5,none,0.1716,n,0.2133,wk4,n,n,0.561562969,positive,,,CR19-01,28,0.1716,4,4
47,CR19-05,CR19,LNLG_28,LNLG,LG,LN,28,4,4,0.2192,n,-0.0189,Exp,y,n,-0.017882061,positive,,,CR19-05,28,0.2192,1,1
47,CR19-05,CR19,LNLG_28,LNLG,LG,LN,28,4,4,0.2948,n,2.0635,wk2,y,n,0.588626351,positive,,,CR19-05,28,0.2948,2,2
47,CR19-05,CR19,LNLG_28,LNLG,LG,LN,28,4,4,0.1576,n,-1.7145,wk3,y,n,-0.939745213,positive,,,CR19-05,28,0.1576,3,3
47,CR19-05,CR19,LNLG_28,LNLG,LG,LN,28,4,4,-0.0641,n,-7.8158,wk4,y,n,0.105133482,negative,,,CR19-05,28,-0.0641,-1,3
48,CR19-06,CR19,LNLG_28,LNLG,LG,LN,28,5,none,0.1727,n,0.2914,Exp,y,n,0.291706051,positive,,,CR19-06,28,0.1727,1,1
48,CR19-06,CR19,LNLG_28,LNLG,LG,LN,28,5,none,0.1394,n,-0.2999,wk2,y,n,1.024565807,positive,,,CR19-06,28,0.1394,2,2
48,CR19-06,CR19,LNLG_28,LNLG,LG,LN,28,5,none,0.245,n,1.5747,wk3,y,n,0.156479356,positive,,,CR19-06,28,0.245,3,3
48,CR19-06,CR19,LNLG_28,LNLG,LG,LN,28,5,none,0.1046,n,-0.9168,wk4,y,n,0.35906123,positive,,,CR19-06,28,0.1046,4,4
49,F19-02,F19,HNHG_28,HNHG,HG,HN,28,4,4,0.0686,n,-1.0761,Exp,y,n,-1.07604584,positive,,,F19-02,28,0.0686,1,1
49,F19-02,F19,HNHG_28,HNHG,HG,HN,28,4,4,0.1092,n,-0.7687,wk2,y,n,-0.943223029,positive,,,F19-02,28,0.1092,2,2
49,F19-02,F19,HNHG_28,HNHG,HG,HN,28,4,4,0.0356,n,-1.3264,wk3,y,n,1.091398596,positive,,,F19-02,28,0.0356,3,3
49,F19-02,F19,HNHG_28,HNHG,HG,HN,28,4,4,-0.3024,n,-3.8902,wk4,y,n,-0.973444022,negative,,,F19-02,28,-0.3024,-1,3
50,FA19-02,FA19,HNHG_28,HNHG,HG,HN,28,3,3,0.4746,n,1.267,Exp,y,n,1.267032836,positive,,,FA19-02,28,0.4746,1,1
50,FA19-02,FA19,HNHG_28,HNHG,HG,HN,28,3,3,0.4746,n,1.267,wk2,y,n,1.267032836,positive,,,FA19-02,28,0.4746,2,2
50,FA19-02,FA19,HNHG_28,HNHG,HG,HN,28,3,3,-0.0752,n,-2.1011,wk3,y,n,0.05788919,negative,,,FA19-02,28,-0.0752,-1,2
50,FA19-02,FA19,HNHG_28,HNHG,HG,HN,28,3,3,-0.1404,n,-2.5003,wk4,y,n,-0.064606533,negative,,,FA19-02,28,-0.1404,-2,2
51,FA19-05,FA19,HNHG_28,HNHG,HG,HN,28,3,3,0.1086,n,-0.9863,Exp,y,n,-0.986543903,positive,,,FA19-05,28,0.1086,1,1
51,FA19-05,FA19,HNHG_28,HNHG,HG,HN,28,3,3,0.1086,n,-0.9863,wk2,y,n,-0.180015043,positive,,,FA19-05,28,0.1086,2,2
51,FA19-05,FA19,HNHG_28,HNHG,HG,HN,28,3,3,-0.0652,n,-2.2099,wk3,y,n,-0.647469432,negative,,,FA19-05,28,-0.0652,-1,2
51,FA19-05,FA19,HNHG_28,HNHG,HG,HN,28,3,3,-0.1118,n,-2.5377,wk4,y,n,-0.751679891,negative,,,FA19-05,28,-0.1118,-2,2
52,FA19-06,FA19,HNHG_28,HNHG,HG,HN,28,2,2,-0.0679,y,-1.4157,Exp,y,n,-1.415727446,negative,,,FA19-06,28,-0.0679,-1,0
52,FA19-06,FA19,HNHG_28,HNHG,HG,HN,28,2,2,-0.0309,y,-1.0925,wk2,y,n,-0.478092628,negative,,,FA19-06,28,-0.0309,-2,0
52,FA19-06,FA19,HNHG_28,HNHG,HG,HN,28,2,2,-0.0587,y,-1.3358,wk3,y,n,-0.437738326,negative,,,FA19-06,28,-0.0587,-3,0
52,FA19-06,FA19,HNHG_28,HNHG,HG,HN,28,2,2,-0.11,y,-1.7844,wk4,y,n,-0.915924382,negative,,,FA19-06,28,-0.11,-4,0
53,G19-01,G19,LNLG_28,LNLG,LG,LN,28,4,4,0.2,n,1.0611,Exp,y,n,1.060875561,positive,,,G19-01,28,0.2,1,1
53,G19-01,G19,LNLG_28,LNLG,LG,LN,28,4,4,0.2159,n,1.2245,wk2,y,n,0.869641031,positive,,,G19-01,28,0.2159,2,2
53,G19-01,G19,LNLG_28,LNLG,LG,LN,28,4,4,0.1871,n,0.928,wk3,y,n,1.382310861,positive,,,G19-01,28,0.1871,3,3
53,G19-01,G19,LNLG_28,LNLG,LG,LN,28,4,4,-0.186,n,-2.9222,wk4,y,n,-1.248800035,negative,,,G19-01,28,-0.186,-1,3
54,G19-02,G19,LNLG_28,LNLG,LG,LN,28,5,none,0.1029,n,0.0099,Exp,y,n,0.009896085,positive,,,G19-02,28,0.1029,1,1
54,G19-02,G19,LNLG_28,LNLG,LG,LN,28,5,none,0.1776,n,0.9344,wk2,y,n,0.611932828,positive,,,G19-02,28,0.1776,2,2
54,G19-02,G19,LNLG_28,LNLG,LG,LN,28,5,none,0.0936,n,-0.1049,wk3,y,n,-1.483551272,positive,,,G19-02,28,0.0936,3,3
54,G19-02,G19,LNLG_28,LNLG,LG,LN,28,5,none,0.0542,n,-0.5926,wk4,y,n,-0.397371973,positive,,,G19-02,28,0.0542,4,4
55,SM19-01,SM19,HNHG_28,HNHG,HG,HN,28,2,2,-0.2164,y,-1.4013,Exp,y,n,-1.40128244,negative,,,SM19-01,28,-0.2164,-1,0
55,SM19-01,SM19,HNHG_28,HNHG,HG,HN,28,2,2,-0.0093,y,-0.3767,wk2,y,n,-1.020229629,negative,,,SM19-01,28,-0.0093,-2,0
55,SM19-01,SM19,HNHG_28,HNHG,HG,HN,28,2,2,-0.0409,y,-0.5331,wk3,y,n,-0.518999626,negative,,,SM19-01,28,-0.0409,-3,0
55,SM19-01,SM19,HNHG_28,HNHG,HG,HN,28,2,2,-0.6165,y,-3.3801,wk4,y,n,-1.434761549,negative,,,SM19-01,28,-0.6165,-4,0
56,SM19-03,SM19,HNLG_28,HNLG,LG,HN,28,4,4,0.3065,n,0.2153,Exp,y,n,0.215409433,positive,,,SM19-03,28,0.3065,1,1
56,SM19-03,SM19,HNLG_28,HNLG,LG,HN,28,4,4,0.4052,n,0.6966,wk2,y,n,0.408294109,positive,,,SM19-03,28,0.4052,2,2
56,SM19-03,SM19,HNLG_28,HNLG,LG,HN,28,4,4,0.226,n,-0.1767,wk3,y,n,1.355556843,positive,,,SM19-03,28,0.226,3,3
56,SM19-03,SM19,HNLG_28,HNLG,LG,HN,28,4,4,-0.283,n,-2.6573,wk4,y,n,-1.232257725,negative,,,SM19-03,28,-0.283,-1,3
57,SM19-04,SM19,HNLG_28,HNLG,LG,HN,28,2,2,0.1222,n,-1.3854,Exp,y,n,-1.385408057,positive,,,SM19-04,28,0.1222,1,1
57,SM19-04,SM19,HNLG_28,HNLG,LG,HN,28,2,2,-0.0561,n,-3.1186,wk2,y,n,-1.39125659,negative,,,SM19-04,28,-0.0561,-2,1
57,SM19-04,SM19,HNLG_28,HNLG,LG,HN,28,2,2,0.2674,n,0.026,wk3,y,n,0.031851606,positive,,,SM19-04,28,0.2674,1,2
57,SM19-04,SM19,HNLG_28,HNLG,LG,HN,28,2,2,0.0106,n,-2.4706,wk4,y,n,0.325244929,positive,,,SM19-04,28,0.0106,2,3
58,WH19-01,WH19,HNLG_28,HNLG,LG,HN,28,3,3,0.3247,n,1.2419,Exp,y,n,1.241436721,positive,,,WH19-01,28,0.3247,1,1
58,WH19-01,WH19,HNLG_28,HNLG,LG,HN,28,3,3,0.3247,n,1.2419,wk2,y,n,0.927716592,positive,,,WH19-01,28,0.3247,2,2
58,WH19-01,WH19,HNLG_28,HNLG,LG,HN,28,3,3,-0.0473,n,-3.9817,wk3,y,n,-0.907691665,negative,,,WH19-01,28,-0.0473,-1,2
58,WH19-01,WH19,HNLG_28,HNLG,LG,HN,28,3,3,-0.0306,n,-3.7479,wk4,y,n,0.350978078,negative,,,WH19-01,28,-0.0306,-2,2
59,WH19-02,WH19,HNHG_28,HNHG,HG,HN,28,4,4,0.1985,n,0.0694,Exp,y,n,0.069153885,positive,,,WH19-02,28,0.1985,1,1
59,WH19-02,WH19,HNHG_28,HNHG,HG,HN,28,4,4,0.3167,n,3.3029,wk2,y,n,0.324631011,positive,,,WH19-02,28,0.3167,2,2
59,WH19-02,WH19,HNHG_28,HNHG,HG,HN,28,4,4,0.1023,n,-2.5635,wk3,y,n,-0.164141544,positive,,,WH19-02,28,0.1023,3,3
59,WH19-02,WH19,HNHG_28,HNHG,HG,HN,28,4,4,-0.1638,n,-9.8446,wk4,y,n,-0.913802531,negative,,,WH19-02,28,-0.1638,-1,3
60,WH19-04,WH19,HNHG_28,HNHG,HG,HN,28,3,3,0.2192,n,0.227,Exp,y,n,0.226071595,positive,,,WH19-04,28,0.2192,1,1
60,WH19-04,WH19,HNHG_28,HNHG,HG,HN,28,3,3,0.2192,n,0.227,wk2,y,n,-1.039539621,positive,,,WH19-04,28,0.2192,2,2
60,WH19-04,WH19,HNHG_28,HNHG,HG,HN,28,3,3,-0.0322,n,-5.787,wk3,y,n,-1.2951761,negative,,,WH19-04,28,-0.0322,-1,2
60,WH19-04,WH19,HNHG_28,HNHG,HG,HN,28,3,3,-0.1127,n,-7.7128,wk4,y,n,-1.116462479,negative,,,WH19-04,28,-0.1127,-2,2
61,AR19-01,AR19,HNLG_32,HNLG,LG,HN,32,5,none,0.7039,n,1.4866,Exp,y,n,1.486632105,positive,,,AR19-01,32,0.7039,1,1
61,AR19-01,AR19,HNLG_32,HNLG,LG,HN,32,5,none,0,n,-1.4709,wk2,y,n,-1.470955718,positive,,,AR19-01,32,0,0,1
61,AR19-01,AR19,HNLG_32,HNLG,LG,HN,32,5,none,0,n,-0.093,wk3,y,n,-0.093169021,positive,,,AR19-01,32,0,0,1
61,AR19-01,AR19,HNLG_32,HNLG,LG,HN,32,5,none,0.7039,n,1.4753,wk4,y,n,1.475331634,positive,,,AR19-01,32,0.7039,1,2
62,BU19-01,BU19,LNLG_32,LNLG,LG,LN,32,2,2,-0.043,n,-1.4093,Exp,y,n,-1.409255872,negative,,,BU19-01,32,-0.043,-1,0
62,BU19-01,BU19,LNLG_32,LNLG,LG,LN,32,2,2,-0.2732,n,-3.996,wk2,y,n,-1.464958873,negative,,,BU19-01,32,-0.2732,-2,0
62,BU19-01,BU19,LNLG_32,LNLG,LG,LN,32,2,2,0,n,-0.9254,wk3,y,n,-0.969024147,positive,,,BU19-01,32,0,0,0
62,BU19-01,BU19,LNLG_32,LNLG,LG,LN,32,2,2,0.0879,n,0.0625,wk4,y,n,1.004841945,positive,,,BU19-01,32,0.0879,1,1
63,BU19-02,BU19,LNLG_32,LNLG,LG,LN,32,5,none,0.1023,n,-0.6001,Exp,y,n,-0.600064085,positive,,,BU19-02,32,0.1023,1,1
63,BU19-02,BU19,LNLG_32,LNLG,LG,LN,32,5,none,0.0616,n,-0.7175,wk2,y,n,-0.758343651,positive,,,BU19-02,32,0.0616,2,2
63,BU19-02,BU19,LNLG_32,LNLG,LG,LN,32,5,none,0.0889,n,-0.6387,wk3,y,n,0.396563831,positive,,,BU19-02,32,0.0889,3,3
63,BU19-02,BU19,LNLG_32,LNLG,LG,LN,32,5,none,0.1531,n,-0.4536,wk4,y,n,0.919242798,positive,,,BU19-02,32,0.1531,4,4
64,BU19-04,BU19,LNLG_32,LNLG,LG,LN,32,5,none,0.2056,n,0.5442,Exp,y,n,0.54295985,positive,,,BU19-04,32,0.2056,1,1
64,BU19-04,BU19,LNLG_32,LNLG,LG,LN,32,5,none,0.2682,n,2.5886,wk2,y,n,0.857948071,positive,,,BU19-04,32,0.2682,2,2
64,BU19-04,BU19,LNLG_32,LNLG,LG,LN,32,5,none,0.1547,n,-1.1205,wk3,y,n,-0.547460357,positive,,,BU19-04,32,0.1547,3,3
64,BU19-04,BU19,LNLG_32,LNLG,LG,LN,32,5,none,0.0065,n,-5.9579,wk4,y,n,0.650514512,positive,,,BU19-04,32,0.0065,4,4
65,CH19-02,CH19,HNLG_32,HNLG,LG,HN,32,4,4,0.5669,n,1.4577,Exp,y,n,1.457779967,positive,,,CH19-02,32,0.5669,1,1
65,CH19-02,CH19,HNLG_32,HNLG,LG,HN,32,4,4,0.5669,n,1.4577,wk2,y,n,1.442962052,positive,,,CH19-02,32,0.5669,2,2
65,CH19-02,CH19,HNLG_32,HNLG,LG,HN,32,4,4,0,n,-1.3815,wk3,y,n,-1.038238129,positive,,,CH19-02,32,0,3,3
65,CH19-02,CH19,HNLG_32,HNLG,LG,HN,32,4,4,-0.1309,n,-2.0371,wk4,y,n,-1.111103373,negative,,,CH19-02,32,-0.1309,-1,3
66,CR19-01,CR19,LNHG_32,LNHG,HG,LN,32,4,4,0.1332,n,-0.5614,Exp,n,n,-0.561924879,positive,,,CR19-01,32,0.1332,1,1
66,CR19-01,CR19,LNHG_32,LNHG,HG,LN,32,4,4,0.1412,n,-0.4004,wk2,n,n,0.275360675,positive,,,CR19-01,32,0.1412,2,2
66,CR19-01,CR19,LNHG_32,LNHG,HG,LN,32,4,4,0.1268,n,-0.6925,wk3,n,n,-1.08146644,positive,,,CR19-01,32,0.1268,3,3
66,CR19-01,CR19,LNHG_32,LNHG,HG,LN,32,4,4,-0.2797,n,-8.9037,wk4,n,n,-1.490113759,negative,,,CR19-01,32,-0.2797,-1,3
67,CR19-05,CR19,LNLG_32,LNLG,LG,LN,32,4,4,0.2569,n,1.0203,Exp,y,n,1.019277471,positive,,,CR19-05,32,0.2569,1,1
67,CR19-05,CR19,LNLG_32,LNLG,LG,LN,32,4,4,0.231,n,0.3083,wk2,y,n,0.266892693,positive,,,CR19-05,32,0.231,2,2
67,CR19-05,CR19,LNLG_32,LNLG,LG,LN,32,4,4,0.278,n,1.6001,wk3,y,n,0.492927451,positive,,,CR19-05,32,0.278,3,3
67,CR19-05,CR19,LNLG_32,LNLG,LG,LN,32,4,4,-0.3191,n,-14.8326,wk4,y,n,-1.101122447,negative,,,CR19-05,32,-0.3191,-1,3
68,CR19-06,CR19,LNLG_32,LNLG,LG,LN,32,4,4,0.1888,n,0.5777,Exp,y,n,0.57764014,positive,,,CR19-06,32,0.1888,1,1
68,CR19-06,CR19,LNLG_32,LNLG,LG,LN,32,4,4,0,n,-2.7741,wk2,y,n,-0.979285101,positive,,,CR19-06,32,0,0,1
68,CR19-06,CR19,LNLG_32,LNLG,LG,LN,32,4,4,0.3426,n,3.3071,wk3,y,n,0.934690064,positive,,,CR19-06,32,0.3426,1,2
68,CR19-06,CR19,LNLG_32,LNLG,LG,LN,32,4,4,-0.3165,n,-8.393,wk4,y,n,-1.492753638,negative,,,CR19-06,32,-0.3165,-1,2
69,F19-02,F19,HNHG_32,HNHG,HG,HN,32,4,4,0.172,n,-0.2921,Exp,y,n,-0.291950422,positive,,,F19-02,32,0.172,1,1
69,F19-02,F19,HNHG_32,HNHG,HG,HN,32,4,4,0.172,n,-0.2921,wk2,y,n,-0.411734413,positive,,,F19-02,32,0.172,2,2
69,F19-02,F19,HNHG_32,HNHG,HG,HN,32,4,4,0.0077,n,-1.5384,wk3,y,n,0.26451412,positive,,,F19-02,32,0.0077,3,3
69,F19-02,F19,HNHG_32,HNHG,HG,HN,32,4,4,-0.2358,n,-3.3851,wk4,y,n,-0.149141773,negative,,,F19-02,32,-0.2358,-1,3
70,FA19-02,FA19,HNHG_32,HNHG,HG,HN,32,3,3,0.23,n,-0.2312,Exp,y,n,-0.23141383,positive,,,FA19-02,32,0.23,1,1
70,FA19-02,FA19,HNHG_32,HNHG,HG,HN,32,3,3,0.23,n,-0.2312,wk2,y,n,-0.23141383,positive,,,FA19-02,32,0.23,2,2
70,FA19-02,FA19,HNHG_32,HNHG,HG,HN,32,3,3,-0.1937,n,-2.8269,wk3,y,n,-1.334977608,negative,,,FA19-02,32,-0.1937,-1,2
70,FA19-02,FA19,HNHG_32,HNHG,HG,HN,32,3,3,0.0296,n,-1.4589,wk4,y,n,1.030965603,positive,,,FA19-02,32,0.0296,1,3
71,FA19-05,FA19,HNHG_32,HNHG,HG,HN,32,3,3,0.2797,n,0.218,Exp,y,n,0.217863245,positive,,,FA19-05,32,0.2797,1,1
71,FA19-05,FA19,HNHG_32,HNHG,HG,HN,32,3,3,0.2797,n,0.218,wk2,y,n,0.456031914,positive,,,FA19-05,32,0.2797,2,2
71,FA19-05,FA19,HNHG_32,HNHG,HG,HN,32,3,3,-0.0405,n,-2.0363,wk3,y,n,-0.522062688,negative,,,FA19-05,32,-0.0405,-1,2
71,FA19-05,FA19,HNHG_32,HNHG,HG,HN,32,3,3,-0.0216,n,-1.9032,wk4,y,n,-0.172798131,negative,,,FA19-05,32,-0.0216,-2,2
72,FA19-06,FA19,HNHG_32,HNHG,HG,HN,32,3,3,0.1541,n,0.5245,Exp,y,n,0.524942471,positive,,,FA19-06,32,0.1541,1,1
72,FA19-06,FA19,HNHG_32,HNHG,HG,HN,32,3,3,0.1541,n,0.5245,wk2,y,n,0.323785307,positive,,,FA19-06,32,0.1541,2,2
72,FA19-06,FA19,HNHG_32,HNHG,HG,HN,32,3,3,-0.1616,n,-2.2353,wk3,y,n,-1.066395322,negative,,,FA19-06,32,-0.1616,-1,2
72,FA19-06,FA19,HNHG_32,HNHG,HG,HN,32,3,3,0.2096,n,1.0099,wk4,y,n,1.018517597,positive,,,FA19-06,32,0.2096,1,3
73,G19-01,G19,LNLG_32,LNLG,LG,LN,32,2,2,-0.034,n,-1.3533,Exp,y,n,-1.353370792,negative,,,G19-01,32,-0.034,-1,0
73,G19-01,G19,LNLG_32,LNLG,LG,LN,32,2,2,-0.1668,n,-2.7236,wk2,y,n,-1.439946913,negative,,,G19-01,32,-0.1668,-2,0
73,G19-01,G19,LNLG_32,LNLG,LG,LN,32,2,2,0.0671,n,-0.3102,wk3,y,n,-1.009575272,positive,,,G19-01,32,0.0671,1,1
73,G19-01,G19,LNLG_32,LNLG,LG,LN,32,2,2,-0.0588,n,-1.6098,wk4,y,n,-0.3629929,negative,,,G19-01,32,-0.0588,-1,1
74,G19-02,G19,LNLG_32,LNLG,LG,LN,32,2,2,-0.012,n,-1.4115,Exp,y,n,-1.41142915,negative,,,G19-02,32,-0.012,-1,0
74,G19-02,G19,LNLG_32,LNLG,LG,LN,32,2,2,-0.2699,n,-4.6024,wk2,y,n,-1.457907992,negative,,,G19-02,32,-0.2699,-2,0
74,G19-02,G19,LNLG_32,LNLG,LG,LN,32,2,2,0.198,n,1.1868,wk3,y,n,0.628726298,positive,,,G19-02,32,0.198,1,1
74,G19-02,G19,LNLG_32,LNLG,LG,LN,32,2,2,0,n,-1.2633,wk4,y,n,-1.156404957,positive,,,G19-02,32,0,2,2
75,SM19-01,SM19,HNHG_32,HNHG,HG,HN,32,3,3,0.0595,n,-0.0363,Exp,y,n,-0.03636161,positive,,,SM19-01,32,0.0595,1,1
75,SM19-01,SM19,HNHG_32,HNHG,HG,HN,32,3,3,0.0595,n,-0.0363,wk2,y,n,-0.588678455,positive,,,SM19-01,32,0.0595,2,2
75,SM19-01,SM19,HNHG_32,HNHG,HG,HN,32,3,3,-0.0231,n,-0.4449,wk3,y,n,-0.350111265,negative,,,SM19-01,32,-0.0231,-1,2
75,SM19-01,SM19,HNHG_32,HNHG,HG,HN,32,3,3,-0.0209,n,-0.4341,wk4,y,n,0.383610573,negative,,,SM19-01,32,-0.0209,-2,2
76,SM19-03,SM19,HNLG_32,HNLG,LG,HN,32,3,3,0.5297,n,1.3033,Exp,y,n,1.303178332,positive,,,SM19-03,32,0.5297,1,1
76,SM19-03,SM19,HNLG_32,HNLG,LG,HN,32,3,3,0.5297,n,1.3033,wk2,y,n,1.083810609,positive,,,SM19-03,32,0.5297,2,2
76,SM19-03,SM19,HNLG_32,HNLG,LG,HN,32,3,3,-0.0041,n,-1.2983,wk3,y,n,-0.821470758,negative,,,SM19-03,32,-0.0041,-1,2
76,SM19-03,SM19,HNLG_32,HNLG,LG,HN,32,3,3,-0.124,n,-1.8826,wk4,y,n,-0.39378986,negative,,,SM19-03,32,-0.124,-2,2
77,SM19-04,SM19,HNLG_32,HNLG,LG,HN,32,3,3,0.264,n,-0.007,Exp,y,n,-0.007047331,positive,,,SM19-04,32,0.264,1,1
77,SM19-04,SM19,HNLG_32,HNLG,LG,HN,32,3,3,0.264,n,-0.007,wk2,y,n,0.132971131,positive,,,SM19-04,32,0.264,2,2
77,SM19-04,SM19,HNLG_32,HNLG,LG,HN,32,3,3,-0.0933,n,-3.4804,wk3,y,n,-1.42243626,negative,,,SM19-04,32,-0.0933,-1,2
77,SM19-04,SM19,HNLG_32,HNLG,LG,HN,32,3,3,-0.0552,n,-3.1097,wk4,y,n,-1.476954342,negative,,,SM19-04,32,-0.0552,-2,2
78,WH19-01,WH19,HNLG_32,HNLG,LG,HN,32,4,4,0.1578,n,-1.102,Exp,y,n,-1.102407043,positive,,,WH19-01,32,0.1578,1,1
78,WH19-01,WH19,HNLG_32,HNLG,LG,HN,32,4,4,0.2222,n,-0.1979,wk2,y,n,-1.171421392,positive,,,WH19-01,32,0.2222,2,2
78,WH19-01,WH19,HNLG_32,HNLG,LG,HN,32,4,4,0.1054,n,-1.8382,wk3,y,n,0.788295086,positive,,,WH19-01,32,0.1054,3,3
78,WH19-01,WH19,HNLG_32,HNLG,LG,HN,32,4,4,-0.0659,n,-4.2431,wk4,y,n,-0.170137638,negative,,,WH19-01,32,-0.0659,-1,3
79,WH19-02,WH19,HNHG_32,HNHG,HG,HN,32,4,4,0.146,n,-1.3689,Exp,y,n,-1.36869916,positive,,,WH19-02,32,0.146,1,1
79,WH19-02,WH19,HNHG_32,HNHG,HG,HN,32,4,4,0.2514,n,1.5151,wk2,y,n,-1.315477693,positive,,,WH19-02,32,0.2514,2,2
79,WH19-02,WH19,HNHG_32,HNHG,HG,HN,32,4,4,0.0601,n,-3.7173,wk3,y,n,-1.338170891,positive,,,WH19-02,32,0.0601,3,3
79,WH19-02,WH19,HNHG_32,HNHG,HG,HN,32,4,4,-0.0566,n,-6.9112,wk4,y,n,0.849647178,negative,,,WH19-02,32,-0.0566,-1,3
80,WH19-04,WH19,HNHG_32,HNHG,HG,HN,32,4,4,0.1566,n,-1.2721,Exp,y,n,-1.271503205,positive,,,WH19-04,32,0.1566,1,1
80,WH19-04,WH19,HNHG_32,HNHG,HG,HN,32,4,4,0.3013,n,2.1888,wk2,y,n,-0.20485793,positive,,,WH19-04,32,0.3013,2,2
80,WH19-04,WH19,HNHG_32,HNHG,HG,HN,32,4,4,0.0388,n,-4.0903,wk3,y,n,-0.251982645,positive,,,WH19-04,32,0.0388,3,3
80,WH19-04,WH19,HNHG_32,HNHG,HG,HN,32,4,4,-0.0355,n,-5.8656,wk4,y,n,0.348123815,negative,,,WH19-04,32,-0.0355,-1,3
